name,category,price,stock,last_sale_date
Wedding Kurta,Kurta,1499,5,2026-06-06
Denim Jacket,Jacket,2499,8,2026-06-30
Printed Shirt,Shirt,899,4,2026-07-10
Embroidered Lehenga,Ethnic Wear,4999,3,2026-07-21
Classic Chinos,Trousers,1299,7,2026-07-31
Floral Summer Dress,Dress,1799,6,2026-08-05
Wool Blend Cardigan,Sweater,2199,4,2026-08-10
Linen Kurta,Kurta,1199,9,2026-08-15
Checked Overshirt,Shirt,1599,5,2026-08-20
Velvet Waistcoat,Ethnic Wear,2899,2,2026-08-25
Straight Fit Jeans,Jeans,1899,10,2026-08-30
Cotton Polo,Polo,799,12,2026-09-02
Striped T-Shirt,T-Shirt,599,15,2026-09-05
Formal Trousers,Trousers,1499,8,2026-09-08
Printed Dupatta,Accessories,499,20,2026-09-10
Casual Blazer,Blazer,3299,3,2026-09-12
Denim Skirt,Skirt,1399,5,2026-09-14
Kids Party Dress,Kid's Wear,1199,6,2026-09-15
White Oxford Shirt,Shirt,1299,9,2026-09-16
Relaxed Fit Hoodie,Hoodie,1699,7,2026-09-17
Cotton Salwar Set,Ethnic Wear,1999,4,2026-09-18
Canvas Belt,Accessories,399,18,2026-09-19
Slim Fit Kurta,Kurta,999,11,2026-09-20
Blue Denim Jeans,Jeans,1799,14,2026-09-21
Ribbed Tank Top,Top,499,20,2026-09-22
Quilted Vest,Jacket,1899,5,2026-09-23
Black Leggings,Bottoms,699,16,2026-09-24
Printed Scarf,Accessories,599,13,2026-09-25
Classic Waistcoat,Ethnic Wear,2299,3,2026-09-26
Everyday Kurti,Kurti,1099,10,2026-09-27
Silk Blend Saree,Ethnic Wear,3599,2,2026-09-28
Graphic Tee,T-Shirt,699,22,2026-09-29
Chore Jacket,Jacket,2799,4,2026-09-30
Pleated Midi Skirt,Skirt,1499,6,2026-10-01
Linen Blend Shirt,Shirt,1399,8,2026-10-02
Track Pants,Sportswear,899,0,2026-06-01
